[
  {
    "product_name": "آجیل چهار مغز خام",
    "image_url": "https://ajilbazar.com/wp-content/uploads/2024/01/آجیل-چهار-مغز-خام.jpg"
  },
  {
    "product_name": "آجیل چهار مغز شور",
    "image_url": "https://ajilbazar.com/wp-content/uploads/2024/01/آجیل-چهار-مغز-شور.jpg"
  },
  {
    "product_name": "آجیل شیرین",
    "image_url": "https://ajilbazar.com/wp-content/uploads/2024/01/آجیل-شیرین-1.jpg"
  },
  {
    "product_name": "آجیل عربی",
    "image_url": "https://ajilbazar.com/wp-content/uploads/2024/01/آجیل-عربی.jpg"
  },
  {
    "product_name": "آجیل قاقوت",
    "image_url": "https://ajilbazar.com/wp-content/uploads/2024/01/New-Project-12-2.jpg"
  },
  {
    "product_name": "توت خشک صادراتی",
    "image_url": "https://ajilbazar.com/wp-content/uploads/2024/01/توت-خشک-صادراتی-1.jpg"
  },
  {
    "product_name": "بادام هندی خام اعلا",
    "image_url": "https://ajilbazar.com/wp-content/uploads/2024/01/بادام-هندی-خام-اعلا.jpg"
  },
  {
    "product_name": "خلال پسته",
    "image_url": "https://ajilbazar.com/wp-content/uploads/2024/01/New-Project-1-2.jpg"
  },
  {
    "product_name": "نخودچی خام",
    "image_url": "https://ajilbazar.com/wp-content/uploads/2024/01/New-Project-27-1.jpg"
  },
  {
    "product_name": "قیصی",
    "image_url": "https://ajilbazar.com/wp-content/uploads/2024/01/قیصی-4.jpg"
  },
  {
    "product_name": "زرشک صادراتی",
    "image_url": "https://ajilbazar.com/wp-content/uploads/2024/01/زرشک-صادراتی-2_prev_ui.jpg"
  },
  {
    "product_name": "مغز تخمه کدو گوشتی مرغوب شور",
    "image_url": "https://ajilbazar.com/wp-content/uploads/2024/01/مغز-تخمه-کدو-گوشتی-مرغوب-شور-2.jpg"
  },
  {
    "product_name": "ماکادمیا (فندق استوایی)",
    "image_url": "https://ajilbazar.com/wp-content/uploads/2024/01/ماکادمیا-فندق-استوایی.jpg"
  },
  {
    "product_name": "خرما پیام ممتاز",
    "image_url": "https://ajilbazar.com/wp-content/uploads/2024/01/خرما-پیام-ممتاز-2.jpg"
  },
  {
    "product_name": "آلو شابلون",
    "image_url": "https://ajilbazar.com/wp-content/uploads/2024/01/New-Project-6-2.jpg"
  },
  {
    "product_name": "انجیر خشک اعلا",
    "image_url": "https://ajilbazar.com/wp-content/uploads/2024/01/New-Project-3-2.jpg"
  },
  {
    "product_name": "بادام زمینی آستانه",
    "image_url": "https://ajilbazar.com/wp-content/uploads/2024/01/بادام-زمینی-آستانه.jpg"
  },
  {
    "product_name": "بادام زمینی غلاف دار مرغوب",
    "image_url": "https://ajilbazar.com/wp-content/uploads/2024/01/بادام-زمینی-غلاف-دار-مرغوب.jpg"
  },
  {
    "product_name": "بادام منقا ممتاز خام",
    "image_url": "https://ajilbazar.com/wp-content/uploads/2024/01/بادام-منقا-ممتاز-خام-1.jpg"
  },
  {
    "product_name": "بادام منقا ممتاز شور",
    "image_url": "https://ajilbazar.com/wp-content/uploads/2024/01/بادام-منقا-ممتاز-شور.jpg"
  },
  {
    "product_name": "بادام هندی اعلا خام",
    "image_url": "https://ajilbazar.com/wp-content/uploads/2024/01/بادام-هندی-اعلا-خام-1.jpg"
  },
  {
    "product_name": "بادام هندی اعلا شور",
    "image_url": "https://ajilbazar.com/wp-content/uploads/2024/01/بادام-هندی-اعلا-شور-1.jpg"
  },
  {
    "product_name": "بادام هندی با پوست",
    "image_url": "https://ajilbazar.com/wp-content/uploads/2024/01/بادام-هندی-با-پوست.jpg"
  },
  {
    "product_name": "خلال بادام",
    "image_url": "https://ajilbazar.com/wp-content/uploads/2024/01/New-Project-4-1.jpg"
  },
  {
    "product_name": "مغز بادام دستچین ایرانی خام",
    "image_url": "https://ajilbazar.com/wp-content/uploads/2024/01/مغز-بادام-دستچین-ایرانی-خام-1.jpg"
  },
  {
    "product_name": "مغز بادام دستچین ایرانی شور",
    "image_url": "https://ajilbazar.com/wp-content/uploads/2024/01/مغز-بادام-دستچین-ایرانی-شور-3.jpg"
  },
  {
    "product_name": "پسته احمد آقایی دستچین خام",
    "image_url": "https://ajilbazar.com/wp-content/uploads/2024/01/New-Project-16-1.jpg"
  },
  {
    "product_name": "پسته احمد آقایی دستچین شور",
    "image_url": "https://ajilbazar.com/wp-content/uploads/2024/01/New-Project-17-1.jpg"
  },
  {
    "product_name": "پسته احمد آقایی شور",
    "image_url": "https://ajilbazar.com/wp-content/uploads/2024/01/پسته-احمد-آقایی-شور-1.jpg"
  },
  {
    "product_name": "پسته اکبری اعلا خام",
    "image_url": "https://ajilbazar.com/wp-content/uploads/2024/01/پسته-اکبری-اعلا-خام.jpg"
  },
  {
    "product_name": "پسته اکبری اعلا شور",
    "image_url": "https://ajilbazar.com/wp-content/uploads/2024/01/پسته-اکبری-اعلا-شور-1.jpg"
  },
  {
    "product_name": "پسته فندقی خام",
    "image_url": "https://ajilbazar.com/wp-content/uploads/2024/01/پسته-فندقی-خام-1.jpg"
  },
  {
    "product_name": "پسته فندقی شور",
    "image_url": "https://ajilbazar.com/wp-content/uploads/2024/01/پسته-فندقی-شور-1.jpg"
  },
  {
    "product_name": "پسته کله قوچی خام",
    "image_url": "https://ajilbazar.com/wp-content/uploads/2024/01/پسته-کله-قوچی.jpg"
  },
  {
    "product_name": "مغز پسته اعلا",
    "image_url": "https://ajilbazar.com/wp-content/uploads/2024/01/مغز-پسته-اعلا-2.jpg"
  },
  {
    "product_name": "تخمه آفتابگردان دور سفید ایرانی",
    "image_url": "https://ajilbazar.com/wp-content/uploads/2024/01/تخمه-آفتابگردان-ایرانی-دور-سفید.jpg"
  },
  {
    "product_name": "تخمه جابونی گلپر",
    "image_url": "https://ajilbazar.com/wp-content/uploads/2024/01/تخمه-جابونی-گلپر-1.jpg"
  },
  {
    "product_name": "تخمه جابونی ممتاز",
    "image_url": "https://ajilbazar.com/wp-content/uploads/2024/01/New-Project-2-4.jpg"
  },
  {
    "product_name": "تخمه کدو دو آتیشه ایرانی",
    "image_url": "https://ajilbazar.com/wp-content/uploads/2024/01/کدو-دو-آتیشه-ایرانی-1.jpg"
  },
  {
    "product_name": "تخمه کدو دو آتیشه مشهدی",
    "image_url": "https://ajilbazar.com/wp-content/uploads/2024/01/تخمه-کدودو-آتیشه-مشهدی.jpg"
  },
  {
    "product_name": "تخمه کدو گوشتی ایرانی",
    "image_url": "https://ajilbazar.com/wp-content/uploads/2024/01/کدو-گوشتی-ایرانی.jpg"
  },
  {
    "product_name": "تخمه کدو مرمری خام",
    "image_url": "https://ajilbazar.com/wp-content/uploads/2024/01/New-Project-22-1.jpg"
  },
  {
    "product_name": "تخمه کدو مرمری شور",
    "image_url": "https://ajilbazar.com/wp-content/uploads/2024/01/New-Project-21-1.jpg"
  },
  {
    "product_name": "تخمه کدو مشهدی",
    "image_url": "https://ajilbazar.com/wp-content/uploads/2024/01/تخمه-کدو-مشهدی.jpg"
  },
  {
    "product_name": "تخمه کدو مشهدی مرغوب",
    "image_url": "https://ajilbazar.com/wp-content/uploads/2024/01/تخمه-کدو-مشهدی-مرغوب-1.jpg"
  },
  {
    "product_name": "تخمه محبوبی دو آتیشه",
    "image_url": "https://ajilbazar.com/wp-content/uploads/2024/01/تخمه-محبوبی-دو-آتیشه-از-آجیل-بازار-با-افتخار،-محصول-_تخمه-محبوبی-دو-آتیشه_-را-به-شما-معرفی-می_کنیم.-این-تخمه-با-کیفیت-برتر-و-طعم-بی_نظ.jpg"
  },
  {
    "product_name": "تخمه محبوبی زرد",
    "image_url": "https://ajilbazar.com/wp-content/uploads/2024/01/New-Project.jpg"
  },
  {
    "product_name": "مغز تخمه کدو گوشتی مرغوب خاص",
    "image_url": "https://ajilbazar.com/wp-content/uploads/2024/01/مغز-تخمه-کدو-گوشتی-مرغوب-خاص-1.jpg"
  },
  {
    "product_name": "فندق خام اعلا",
    "image_url": "https://ajilbazar.com/wp-content/uploads/2024/01/فندوق-خام-اعلا-1.jpg"
  },
  {
    "product_name": "فندوق",
    "image_url": "https://ajilbazar.com/wp-content/uploads/2024/01/فندوق-1.jpg"
  },
  {
    "product_name": "گردو با پوست",
    "image_url": "https://ajilbazar.com/wp-content/uploads/2024/01/گردو-با-پوست.jpg"
  },
  {
    "product_name": "مغز گردو دستچین آستانه",
    "image_url": "https://ajilbazar.com/wp-content/uploads/2024/01/مغز-گردو-دستچین-آستانه.jpg"
  },
  {
    "product_name": "نخودچی شور",
    "image_url": "https://ajilbazar.com/wp-content/uploads/2024/01/New-Project-26-1.jpg"
  },
  {
    "product_name": "کرنبری",
    "image_url": "https://ajilbazar.com/wp-content/uploads/2024/01/New-Project-14.jpg"
  },
  {
    "product_name": "پوملو (میوه استوایی)",
    "image_url": "https://ajilbazar.com/wp-content/uploads/2024/01/New-Project-11-1.jpg"
  },
  {
    "product_name": "حبه انبه",
    "image_url": "https://ajilbazar.com/wp-content/uploads/2024/01/New-Project-25.jpg"
  },
  {
    "product_name": "حبه زنجبیل",
    "image_url": "https://ajilbazar.com/wp-content/uploads/2024/01/New-Project-25.jpg"
  },
  {
    "product_name": "حبه عناب",
    "image_url": "https://ajilbazar.com/wp-content/uploads/2024/01/New-Project-9-2.jpg"
  },
  {
    "product_name": "حبه گیلاس خشک خارجی",
    "image_url": "https://ajilbazar.com/wp-content/uploads/2024/01/New-Project-19.jpg"
  },
  {
    "product_name": "حبه نارگیل",
    "image_url": "https://ajilbazar.com/wp-content/uploads/2024/01/New-Project-16.jpg"
  },
  {
    "product_name": "خرما زاهدی",
    "image_url": "https://ajilbazar.com/wp-content/uploads/2024/01/خرما-زاهدی-3.jpg"
  },
  {
    "product_name": "عناب ممتاز دستچین",
    "image_url": "https://ajilbazar.com/wp-content/uploads/2024/01/New-Project-12.jpg"
  },
  {
    "product_name": "کشمش سایه خشک",
    "image_url": "https://ajilbazar.com/wp-content/uploads/2024/01/کشمش-سایه-خشک-600x600.jpg"
  },
  {
    "product_name": "کشمش سبز اعلا",
    "image_url": "https://ajilbazar.com/wp-content/uploads/2024/01/کشمش-سبز-اعلا-2-1.jpg"
  },
  {
    "product_name": "مویز شاهانی صادراتی",
    "image_url": "https://ajilbazar.com/wp-content/uploads/2024/01/مویز-شاهانی-صادراتی-3.jpg"
  },
  {
    "product_name": "میوه خشک اعلا",
    "image_url": "https://ajilbazar.com/wp-content/uploads/2024/01/New-Project-7-2.jpg"
  },
  {
    "product_name": "هل سبز اکبر",
    "image_url": "https://ajilbazar.com/wp-content/uploads/2024/01/New-Project-28.jpg"
  },
  {
    "product_name": "باسلوق",
    "image_url": "https://ajilbazar.com/wp-content/uploads/2024/01/New-Project-25-1.jpg"
  },
  {
    "product_name": "قطاب یزد",
    "image_url": "https://ajilbazar.com/wp-content/uploads/2024/01/قطاب-یزد-1.jpg"
  },
  {
    "product_name": "لوکوم مغزدار",
    "image_url": "https://ajilbazar.com/wp-content/uploads/2024/01/New-Project-11.jpg"
  }
]